video_id,comment_count,sentiment_mean,sentiment_median,sentiment_std,positive_ratio,negative_ratio,rating,revenue,success
-GQjm4TrQIM,40,0.16791,0.0,0.36933602433528584,0.45,0.125,6.2,77.04,0
-gD-ywBXQns,1,-0.5859,-0.5859,,0.0,1.0,6.0,27.36,0
0A5rvlALfBk,2,0.0,0.0,0.0,0.0,0.0,6.1,47.95,0
17Mj1VQBvss,45,0.16444222222222224,0.0,0.4101258778433368,0.4444444444444444,0.17777777777777778,7.4,486.29,0
1FuH-Oc6N-w,19,0.10612105263157894,0.0,0.37669030099738043,0.3157894736842105,0.21052631578947367,6.4,55.12,0
1LxNRKuWZZ8,39,0.17984871794871796,0.0,0.40362108590255197,0.48717948717948717,0.15384615384615385,5.7,0.54,0
1PBPQAvAJX4,1,0.0,0.0,,0.0,0.0,7.2,0.25,0
1WpAu57nKDk,43,0.11590465116279071,0.0,0.43733233464978616,0.3953488372093023,0.20930232558139536,5.8,3.91,0
1ilzSwIDDFw,13,0.23566153846153848,0.0,0.37933611863021416,0.3076923076923077,0.0,5.8,54.73,0
1l-x1QK37iE,15,0.12572666666666665,0.0,0.31477324824311836,0.4666666666666667,0.2,7.5,234.02,1
1rPo1yJAU7Q,64,0.182284375,0.0,0.4045376989981456,0.421875,0.15625,8.1,341.26,1
28G4aGYUAcY,100,0.04383600000000001,0.0,0.41227001314843903,0.31,0.26,6.3,97.66,0
2j2VeWFo8WU,58,-0.0003137931034482729,0.0,0.4247362746037915,0.3448275862068966,0.27586206896551724,7.9,532.17,1
2s5ZA2BJHOM,100,0.189415,0.0,0.44638122298924476,0.41,0.17,7.5,234.02,1
3hZYCzMkVJA,6,0.24045000000000002,0.12875,0.3025106394823164,0.5,0.0,5.1,20.75,0
494tMoJVyWk,16,0.14665,0.0,0.5009572010993886,0.4375,0.1875,4.7,28.84,0
4j421Q3Blwc,100,0.33198099999999997,0.3962,0.395003629620199,0.63,0.1,7.3,57.64,0
4jhSj_wG-sM,18,0.2962611111111111,0.2841,0.45517693668815257,0.6666666666666666,0.16666666666666666,6.9,93.38,0
4lQk_UpaTvA,12,0.13103333333333333,0.0,0.38490540120760564,0.16666666666666666,0.08333333333333333,6.5,65.03,0
5E2Vhu8GUQU,13,0.033846153846153845,0.0,0.5235657927700915,0.38461538461538464,0.3076923076923077,6.8,42.65,0
5ItTtFPYz0Y,1,0.1027,0.1027,,1.0,0.0,6.1,47.95,0
5L9bzKaf8Dw,2,0.2463,0.2463,0.3483208004124933,0.5,0.0,6.9,72.66,0
5O7VSW4TFBU,100,0.22339900000000001,0.12685,0.4686928221278212,0.5,0.13,7.0,100.01,0
5iuzVIW_F80,12,0.29113333333333336,0.45630000000000004,0.5402825343926055,0.6666666666666666,0.16666666666666666,7.4,56.23,0
6GiU2SSG624,100,0.364218,0.4019,0.39057038874141004,0.64,0.08,6.1,0.03,0
6_apBrl67cc,84,0.09858214285714287,0.0,0.4683775506130118,0.47619047619047616,0.25,6.2,325.02,0
6bCYsxXPcTQ,27,0.06666296296296297,0.0,0.33720669095030187,0.3333333333333333,0.25925925925925924,6.5,65.03,0
6fTp-Tc4aeY,25,0.057788000000000006,0.0,0.44981146079959616,0.44,0.28,7.9,532.17,1
7N-XqcI8GHs,26,0.05186923076923077,0.05135,0.48398975176689907,0.5,0.23076923076923078,6.4,67.24,0
7XBIxL-VwMo,7,0.3570714285714286,0.4588,0.2844025416804247,0.7142857142857143,0.0,6.7,9.24,0
7dCmUnC_usU,15,0.054073333333333334,0.0,0.4056821424054387,0.3333333333333333,0.13333333333333333,6.5,153.69,0
8YODWs4_khw,7,0.054200000000000005,0.0,0.09494544047328796,0.2857142857142857,0.0,6.7,162.16,0
98mNSmCc4sc,7,0.24007142857142855,0.2382,0.45909379475326434,0.5714285714285714,0.14285714285714285,7.2,89.21,0
9Golt91teTQ,67,0.21443283582089553,0.0,0.4135001316873702,0.4626865671641791,0.13432835820895522,7.6,232.6,1
9QZsXiGOOsU,100,0.195766,0.0,0.40605860954778294,0.47,0.16,6.1,47.95,0
9T4EHf4rewI,3,0.02566666666666667,0.0,0.42088736418825085,0.3333333333333333,0.3333333333333333,5.8,14.9,0
9fkfGefPEJc,12,0.21020000000000003,0.0,0.2762610261065693,0.4166666666666667,0.0,7.2,270.32,0
9sZFcEW2Rm0,39,0.1934025641025641,0.0258,0.4059002427918903,0.48717948717948717,0.1282051282051282,6.4,55.47,0
A0KUWzfugg4,100,0.289116,0.3506,0.422946805576629,0.57,0.15,7.3,7.08,0
AD6lEHZXgFM,32,0.13687812500000002,0.0,0.3548045520440933,0.375,0.09375,7.4,86.2,0
AHOH3jOOe8M,2,-0.3105,-0.3105,0.7591498402818774,0.5,0.5,7.3,52.82,0
AUj9R_zZz4g,1,-0.3612,-0.3612,,0.0,1.0,6.3,14.27,0
AZ5r03ggSAo,10,0.08127999999999999,0.0,0.3518680365010598,0.4,0.2,7.1,40.07,0
Aok2V_MrgDw,15,-0.01179333333333333,0.0,0.4437701825859653,0.26666666666666666,0.3333333333333333,7.0,1.82,0
AopLm2n-Fjc,12,0.13717500000000002,0.0,0.5064018277379769,0.4166666666666667,0.16666666666666666,6.3,12.63,0
AtlvACXxViM,100,0.178648,0.0,0.4452230995577363,0.45,0.22,7.6,232.6,1
Aywz8vjd04w,3,0.4054333333333333,0.3182,0.19139086533409408,1.0,0.0,7.6,46.88,0
BdV-gcE2a7Q,9,0.0896,0.0,0.3541516800750774,0.4444444444444444,0.1111111111111111,6.2,77.04,0
BdZG9DwiKNc,14,0.22780714285714287,0.4371,0.5602370246522527,0.5714285714285714,0.2857142857142857,4.7,28.84,0
BeRBEeKiSA8,98,0.06231632653061225,0.0,0.4497373901990666,0.3979591836734694,0.2755102040816326,7.5,234.02,1
C5i2imB72sg,5,-0.18352,0.0,0.3544561989865602,0.2,0.4,7.4,52.42,0
CM79GTEm2ps,67,0.17661194029850746,0.0,0.36734590029198605,0.417910447761194,0.13432835820895522,7.8,760.51,1
CV66H2BY7jI,4,0.034375,0.10115,0.4433013450239014,0.5,0.25,7.3,3.44,0
CZrw7krX50Q,100,0.250316,0.20865,0.47362756235487635,0.55,0.19,6.2,325.02,0
CpBlp2hR-Q0,24,0.0464125,0.0,0.5597714007890224,0.4583333333333333,0.375,6.3,80.02,0
DAIEnDWhzf0,76,0.21714078947368423,0.15905,0.41079782510869634,0.5263157894736842,0.14473684210526316,7.9,5.88,0
DDzVnbjL9SE,15,0.1203,0.0,0.5162169518996557,0.4666666666666667,0.3333333333333333,6.7,330.25,0
E5-TxKahg9I,25,0.12351200000000001,0.0,0.43661776410647024,0.36,0.16,7.4,486.29,0
EkZmXxkU_sE,2,0.08385,0.08385,0.11858180720498401,0.5,0.0,5.8,10.91,0
EmDz6TVIOwA,1,0.0,0.0,,0.0,0.0,6.6,32.36,0
Eqr4xcADGtM,19,0.3434526315789474,0.4215,0.3192808522783334,0.6842105263157895,0.05263157894736842,7.5,10.64,0
FcrHkypR2Io,16,0.13222499999999998,0.1279,0.4454212410741096,0.5625,0.1875,7.3,3.44,0
FiU6LFaeL9c,4,0.13647499999999999,0.0,0.3448321076988046,0.25,0.25,6.2,113.08,0
FobNypUgaOI,43,0.2226,0.0,0.35407950143058736,0.4883720930232558,0.11627906976744186,5.8,10.91,0
FqxH93gyxgM,7,0.17157142857142857,0.0,0.32395272141824294,0.2857142857142857,0.0,6.6,368.31,0
FwQ5NfG2L-M,10,0.11541000000000001,0.1072,0.49632681314275623,0.5,0.2,7.1,43.02,0
G8lIAxnjCT4,8,0.3714375,0.3654,0.3511502728279488,0.75,0.125,5.7,55.29,0
GB8lBMQVwPA,8,0.2549375,0.41000000000000003,0.4934987449325479,0.625,0.25,6.6,56.44,0
GI2oG7hfHek,17,0.09854705882352942,0.0,0.2681980730673858,0.29411764705882354,0.11764705882352941,6.9,72.66,0
HBGlpI3KyPE,17,0.06988235294117645,0.25,0.5270741945344296,0.5882352941176471,0.29411764705882354,4.3,56.11,0
HGdA4A2itgs,5,0.07373999999999999,0.2828,0.5737600177774677,0.6,0.4,5.9,0.02,0
HYXTqEAp5gY,18,0.21600555555555553,0.2244,0.44336310105723165,0.5555555555555556,0.16666666666666666,7.2,61.28,0
H_vjoeFJvWw,13,0.2828,0.3612,0.3845741519308511,0.6923076923076923,0.23076923076923078,7.2,71.9,0
Hd5RtFmIs2s,7,0.20948571428571428,0.4588,0.569914813601037,0.5714285714285714,0.14285714285714285,7.5,27.85,0
HimAo-92hNM,21,0.0884,0.0,0.4702253853206992,0.38095238095238093,0.23809523809523808,6.7,7.22,0
I8bYHRxT1DM,10,0.2133,0.29895,0.3210508405567913,0.7,0.1,7.9,48.02,0
JSsdX8UNuhA,15,0.06530666666666667,0.0,0.3513082294726927,0.26666666666666666,0.13333333333333333,7.0,100.01,0
JkmTxU8AteU,10,0.17053000000000001,0.0311,0.4485332517092672,0.5,0.1,7.0,0.66,0
JtPBo5k7VSk,34,0.20340882352941175,0.0,0.3882836438759741,0.47058823529411764,0.08823529411764706,6.0,5.77,0
KBWuSN-tTR4,5,0.22152,0.0,0.303328752346361,0.4,0.0,6.6,18.71,0
KN-87JrppgM,3,0.29973333333333335,0.4404,0.2597396645361146,0.6666666666666666,0.0,7.4,36.25,0
Kt2fFzqZHic,6,0.05465,0.0,0.42713077505607105,0.3333333333333333,0.16666666666666666,6.8,200.07,0
LG719PXis2o,20,0.16087500000000002,0.0605,0.4196828738527022,0.5,0.15,5.3,128.34,0
LO7Bn3QnZ-E,100,0.305021,0.3612,0.4305428263391706,0.54,0.08,7.2,270.32,0
LOqUMuCm800,20,0.016659999999999994,0.0,0.4492847630576731,0.4,0.4,5.1,20.75,0
Lu3fEtVI8bg,10,0.37161,0.34255,0.34882359581886085,0.7,0.0,7.3,21.48,0
M9cTqkXTl7s,73,0.015500000000000005,0.0,0.48022729919163165,0.410958904109589,0.3013698630136986,7.2,71.9,0
MMbyPhQo75A,100,0.071278,0.0,0.5334361252419368,0.46,0.38,5.9,62.4,0
Mm9IUaNOlIE,1,0.4404,0.4404,,1.0,0.0,6.0,90.35,0
Mr2Q1bF1c4A,5,0.20099999999999998,0.0,0.3583775313827584,0.4,0.0,5.8,17.36,0
N0nlyULfIB4,65,0.2004,0.0,0.3813098420248289,0.4,0.07692307692307693,6.9,72.66,0
N10mH0qHPhg,12,0.17383333333333337,0.2064,0.4850563122572534,0.5833333333333334,0.16666666666666666,6.7,330.25,0
N4-zTGSRicY,7,0.10564285714285715,0.0,0.3416867808248897,0.2857142857142857,0.14285714285714285,5.8,54.73,0
NBuf__icGCQ,54,0.06236111111111112,0.0,0.47495481827487096,0.4074074074074074,0.2962962962962963,7.9,532.17,1
NFYn-MxHLl8,2,0.29295,0.29295,0.4142938630971982,0.5,0.0,7.0,652.18,1
NMDNYYTQQMQ,10,0.10371000000000001,0.0,0.3609802778546219,0.3,0.1,7.9,532.17,1
NWkLNgYbIL4,31,0.17535161290322582,0.0,0.44756223989591115,0.41935483870967744,0.16129032258064516,6.4,227.95,0
NcZYGf-TGGs,2,-0.7737,-0.7737,0.26558930701366723,0.0,1.0,7.1,43.77,0
NdJ4GrmnqJs,12,0.40173333333333333,0.4654,0.32164843126204323,0.6666666666666666,0.0,6.3,60.31,0
NeLfesDvIig,5,0.25704000000000005,0.0,0.37519547971690703,0.4,0.0,5.8,54.73,0
NkP6M7oKzTs,44,0.08055681818181819,0.0,0.5015315457155014,0.4318181818181818,0.2727272727272727,6.7,330.25,0
NrZEw3ks2pc,8,0.0205375,0.0,0.5183494627524121,0.25,0.25,7.5,125.07,0
O7ydo8xurwY,61,0.04440327868852459,0.0,0.47692253178310245,0.36065573770491804,0.2459016393442623,7.8,54.12,0
OF0WA9t6jjg,2,0.0,0.0,0.0,0.0,0.0,4.7,28.84,0
OHTN1T4DDbU,32,-0.059640624999999996,0.0,0.44754926768574693,0.25,0.28125,7.9,532.17,1
OVjidTvD0zc,71,0.09024507042253523,0.0,0.4470772847182759,0.4084507042253521,0.28169014084507044,6.2,77.04,0
Oq3jhM-oNRg,6,0.19486666666666666,0.22555,0.3684356533598054,0.6666666666666666,0.16666666666666666,6.7,9.24,0
P2iST1UkQzk,8,0.4175875,0.47014999999999996,0.21854883362436742,0.875,0.0,5.9,54.01,0
P4aGblzSpPY,28,0.22790714285714284,0.07655,0.3906259420644725,0.5,0.10714285714285714,6.7,87.24,0
PJf1Qb93Vac,15,0.25727333333333335,0.0,0.35208485476143525,0.4666666666666667,0.0,6.8,76.2,0
PKH0Ed2WPOU,100,0.11412900000000001,0.0,0.43859247053627254,0.43,0.23,4.9,0.03,0
PTT8tdNGGmA,12,0.31051666666666666,0.2143,0.47400153592642086,0.5833333333333334,0.08333333333333333,7.5,234.02,1
Q3iwM7YQlh8,83,0.1618012048192771,0.0,0.4776128477287894,0.43373493975903615,0.21686746987951808,7.1,2.02,0
Q47LiTyShq4,100,0.13573000000000002,0.0,0.49226048567559816,0.46,0.31,5.3,128.34,0
QL3_kkeihUo,8,0.24525,0.1114,0.2919896035331199,0.5,0.0,7.8,169.27,0
QSmofO_T7Ds,100,0.11067500000000001,0.23220000000000002,0.5486301625205022,0.56,0.34,5.3,128.34,0
Qp3oyQd75Pk,31,0.0493967741935484,0.0,0.42561608716766564,0.3225806451612903,0.3225806451612903,6.4,93.95,0
QuGmtoQBPEM,51,0.2205941176470588,0.4848,0.5653710358381528,0.5882352941176471,0.2549019607843137,7.1,66.01,0
R69Bfd3VRbc,12,0.319725,0.21075,0.4877816335671676,0.5,0.08333333333333333,7.0,100.01,0
RKizHjB_4HY,2,0.1567,0.1567,0.221607265223864,0.5,0.0,6.0,35.54,0
RYW47dArUgw,9,0.27346666666666664,0.2263,0.2956033617873789,0.5555555555555556,0.0,6.3,127.38,0
Scdd-AE1e2o,12,-0.119025,0.0,0.5157404053221137,0.25,0.3333333333333333,5.2,34.91,0
T4j7HPEtdT8,7,0.11711428571428573,0.1531,0.43729755479372556,0.5714285714285714,0.2857142857142857,6.3,126.59,0
TatBVxE53ek,3,0.15353333333333333,0.0,0.26592753398874164,0.3333333333333333,0.0,6.2,6.86,0
TsBh2bZUWJc,100,0.232791,0.15785,0.451929089614061,0.55,0.14,6.4,55.12,0
Tu4E_HG-MKk,4,0.089825,0.11315,0.30417384694721317,0.5,0.25,6.7,24.09,0
TxpTyC5Wqho,9,0.0108888888888889,0.0,0.5410926040070324,0.3333333333333333,0.3333333333333333,6.5,75.31,0
UMDxzR5uazQ,15,0.09447333333333333,0.0,0.3840669016621726,0.26666666666666666,0.06666666666666667,8.0,100.5,1
UZjKrI-bmzE,46,-0.043641304347826086,0.0,0.4468495155971101,0.30434782608695654,0.34782608695652173,5.9,0.01,0
Uc08ep74lIA,8,0.3592875,0.49305,0.5016300242708763,0.625,0.125,7.1,43.02,0
UhSSiFELmIY,100,0.17849900000000002,0.0,0.40675447996142206,0.42,0.17,6.2,336.53,0
Ut9xi-ep2mg,93,0.18146881720430108,0.0,0.4084382019081144,0.43010752688172044,0.12903225806451613,6.4,336.03,0
Ve4Tlz8cvgI,7,0.15339999999999998,0.2263,0.43043973252167755,0.5714285714285714,0.14285714285714285,5.4,63.03,0
VeY_ZFhPGGQ,2,0.0,0.0,0.0,0.0,0.0,8.0,183.64,1
Vl5NDNYyxzQ,14,0.3802214285714286,0.36985,0.4007653182034659,0.6428571428571429,0.07142857142857142,8.3,151.06,1
W-o_OV9zMFw,11,0.3649909090909091,0.3612,0.43101060185231055,0.7272727272727273,0.09090909090909091,5.8,17.36,0
WA8RyshH4Y8,25,-0.002944,0.0,0.4312423304438778,0.32,0.28,7.9,532.17,1
WOuKLtSVFcY,100,0.182104,0.0,0.5207434811067263,0.48,0.24,6.5,75.31,0
WP_L1I4lmFE,100,0.11844099999999999,0.0,0.44101228277061094,0.34,0.18,7.4,486.29,0
X8LwT6OWQwY,100,0.288673,0.3071,0.39852810804258204,0.54,0.11,6.5,0.81,0
XufgfkUFFiw,14,0.07603571428571428,0.1591,0.5098170948142433,0.5,0.2857142857142857,6.4,67.24,0
Y-MlEmrUzB8,100,0.124111,0.0,0.4848663831136754,0.47,0.28,5.3,128.34,0
YDbCo8zK0sE,6,0.25758333333333333,0.21075,0.2941277573889732,0.5,0.0,5.3,19.64,0
YaiHqILhsE8,100,-0.054561,0.0,0.4469190415229112,0.28,0.4,6.7,330.25,0
YiLIs-vUCH8,35,0.05712571428571429,0.0,0.45162862824309474,0.34285714285714286,0.2857142857142857,6.2,325.02,0
YorOp9JRX2A,3,-0.3156,0.0,0.5466352348687377,0.0,0.3333333333333333,6.0,46.01,0
Z356p3qfEnI,31,0.2572516129032258,0.0,0.3411762348806139,0.45161290322580644,0.0,6.3,3.64,0
ZTfPxJNRkVU,57,-0.0026070175438596462,0.0,0.4339625295952772,0.3157894736842105,0.2982456140350877,5.7,64.42,0
Zvy9-bwF9zc,11,0.4647727272727273,0.6166,0.4184305512051172,0.7272727272727273,0.09090909090909091,7.0,0.66,0
_HLs_g7w-gs,11,-0.09375454545454547,0.0,0.395609879461159,0.36363636363636365,0.36363636363636365,6.5,41.01,0
_fSKX4DrpMI,13,0.21976923076923077,0.0516,0.35124266394383097,0.5384615384615384,0.07692307692307693,5.8,3.91,0
aHghr4qTpJI,24,0.17409166666666667,0.17535,0.4680451333835851,0.5416666666666666,0.25,6.3,14.27,0
aiWgMQWukM4,3,-0.07910000000000002,0.0,0.5444764733209324,0.3333333333333333,0.3333333333333333,6.2,6.86,0
bqmMxcrBIcs,12,0.3315416666666667,0.40145,0.4468100541278106,0.5833333333333334,0.08333333333333333,6.3,81.26,0
brcPumjZGGI,3,0.05200000000000001,0.0772,0.7281271317565361,0.6666666666666666,0.3333333333333333,8.0,228.43,1
ci696BRDtbE,9,0.20703333333333332,0.2263,0.2685936103111911,0.5555555555555556,0.1111111111111111,6.5,65.03,0
cqfxr_5Tc7I,34,0.07804411764705883,0.0,0.5638489853654812,0.4117647058823529,0.38235294117647056,5.3,128.34,0
cxadSzbOMQA,32,0.22650625,0.064,0.4099449773759967,0.5,0.09375,6.2,325.02,0
dC3ehZ9cy_s,83,-0.08209518072289157,0.0,0.42366285229592143,0.21686746987951808,0.3855421686746988,7.9,532.17,1
dEyi_7SzXt0,30,0.14103666666666664,0.0,0.38482974962365146,0.43333333333333335,0.16666666666666666,6.8,30.98,0
dJQg_1vgQ7s,13,0.2665076923076923,0.3632,0.48241951221859874,0.6153846153846154,0.07692307692307693,7.5,125.07,0
daanObmaKCg,20,0.13782,0.0,0.3032923751796363,0.35,0.1,6.8,13.96,0
dxqmhHcDCiU,4,0.13157500000000003,0.0,0.40156072496365147,0.25,0.25,6.2,26.05,0
e2a1gcu5JYI,43,0.13466279069767442,0.0,0.4690766345264847,0.4418604651162791,0.23255813953488372,7.0,1.87,0
f59QB5f7gjA,3,0.0,0.0,0.0,0.0,0.0,6.8,27.55,0
fJO5bzrl7zc,5,0.14024,0.0,0.1921777510535494,0.4,0.0,7.6,109.71,0
fTRnWXXDcL4,20,0.25562999999999997,0.31355,0.46309389874261103,0.6,0.1,8.8,292.57,1
fUsdQq7PN68,41,0.20491463414634148,0.0,0.34736932403493515,0.4634146341463415,0.04878048780487805,6.6,38.56,0
g-bfjIF0YUM,13,0.20885384615384617,0.0,0.34186251041265264,0.3076923076923077,0.0,6.3,126.59,0
gLnfl-UUjKk,91,0.3498065934065934,0.4404,0.4251026761729186,0.6263736263736264,0.10989010989010989,8.1,341.26,1
gSxf4kZKCrs,11,0.30570909090909093,0.3467,0.4158521166341358,0.5454545454545454,0.09090909090909091,6.9,72.66,0
gaZ-S1aFB24,41,0.2251268292682927,0.228,0.39590313337001404,0.5121951219512195,0.1951219512195122,9.0,533.32,1
giN7uKyhE_A,15,0.19812666666666665,0.296,0.4283005244429375,0.6,0.2,6.4,93.95,0
gmaWs382FBw,17,-0.12221764705882354,0.0,0.4764235159436587,0.17647058823529413,0.35294117647058826,7.5,2.14,0
gsP9b9oBzW0,75,0.14914933333333333,0.0772,0.4360653996863356,0.52,0.17333333333333334,5.8,10.91,0
guPTXSTaTak,3,0.18876666666666667,0.2263,0.1730796444800293,0.6666666666666666,0.0,5.7,26.38,0
h3aoo9Pcw_8,3,-0.21989999999999998,0.0,0.3808779725843961,0.0,0.3333333333333333,7.1,15.43,0
h4xWY-KbMMI,6,0.3441166666666667,0.38155,0.19441505514405685,0.8333333333333334,0.0,6.2,113.08,0
i0HAory42gg,87,0.17455632183908046,0.2732,0.4611834129667025,0.5747126436781609,0.1724137931034483,6.8,76.2,0
iFDncw9-1yw,15,0.25665333333333334,0.0518,0.39349732412716365,0.5333333333333333,0.13333333333333333,7.1,8.7,0
itF9-QuIlg4,86,0.07557209302325582,0.0,0.5180359393962507,0.4186046511627907,0.32558139534883723,6.4,55.12,0
j-Cq_fS08kA,51,0.22094901960784313,0.1027,0.419548487005995,0.5294117647058824,0.13725490196078433,5.7,55.29,0
j7W4qqtukgw,9,0.25880000000000003,0.2732,0.261310638895549,0.5555555555555556,0.0,8.0,100.5,1
jjZofB8--XI,3,0.4366333333333334,0.4404,0.11659564028441775,1.0,0.0,6.7,9.39,0
jlhoqQH8uvU,2,0.36345,0.36345,0.5139959192445014,0.5,0.0,6.6,368.31,0
jnxnPnrEbYs,2,0.42775,0.42775,0.6049298513050914,0.5,0.0,7.1,40.07,0
k0PQXtNf8bU,8,0.1367,0.0,0.2996681402580432,0.375,0.125,6.3,1.72,0
k1IJhokH6_E,31,0.3196548387096774,0.3182,0.43946705135403097,0.5161290322580645,0.0967741935483871,7.2,270.32,0
knu1OaV-x_0,19,0.12270526315789473,0.0,0.530500259161822,0.3684210526315789,0.21052631578947367,6.2,34.26,0
l2UnoIXKW1Q,11,0.09441818181818183,0.0,0.4175085982783632,0.2727272727272727,0.18181818181818182,7.4,56.23,0
lRhUId3gtoE,100,-0.0007139999999999972,0.0,0.5043222524809656,0.38,0.38,5.6,31.54,0
lvMaxxqtPl4,8,0.3724625,0.436,0.44191888375744764,0.625,0.25,6.9,24.99,0
mgFRp6CgSmA,7,0.07004285714285714,0.0,0.3730994722463115,0.2857142857142857,0.14285714285714285,5.9,54.01,0
mhOKyTyFVRA,1,0.0,0.0,,0.0,0.0,7.5,10.64,0
mx9gtJZyblU,9,-0.09978888888888889,0.0,0.44697308208784914,0.2222222222222222,0.3333333333333333,7.4,102.46,0
n2DEomrLu5U,100,0.22889099999999998,0.2884,0.4438712326005179,0.55,0.17,5.4,64.03,0
n957sI59jeM,14,0.23184285714285716,0.36905,0.5137281063488226,0.5714285714285714,0.14285714285714285,7.4,56.23,0
nKH_JM40a_c,3,0.4372,0.4588,0.4268101217169058,0.6666666666666666,0.0,6.3,0.03,0
nQ0yLXmUiV8,6,0.010883333333333337,0.0,0.2584343198313,0.16666666666666666,0.16666666666666666,6.2,1.33,0
nkKDuBiYxR4,6,0.03771666666666667,0.0,0.09238658813197219,0.16666666666666666,0.0,7.1,158.8,0
oCvLUxICxEI,100,0.279333,0.40685,0.4512177478454356,0.6,0.19,8.0,363.02,1
ofcOXuQDM68,22,0.12395454545454544,0.0,0.41562988999173944,0.4090909090909091,0.13636363636363635,8.1,341.26,1
pRZupTyS4Mc,6,0.009700000000000005,-0.10405,0.45032985244151863,0.5,0.5,6.3,1.72,0
peOKngpMdKA,100,0.33664900000000003,0.4588,0.4187980551639308,0.59,0.12,6.3,20.57,0
pp9-OZ2pMJo,1,-0.8316,-0.8316,,0.0,1.0,7.5,38.32,0
q0GN1R3rYLQ,7,0.26525714285714286,0.4926,0.6297676234324924,0.5714285714285714,0.14285714285714285,6.2,34.26,0
qCkkPfmtv7k,27,0.0054925925925926,0.0,0.3652868366365575,0.25925925925925924,0.2962962962962963,8.0,100.5,1
qPq2ha-sSo0,22,0.23140909090909093,0.11845,0.3171347571603185,0.5,0.045454545454545456,6.0,35.79,0
qVeRogMhvro,34,0.22561176470588234,0.0,0.4107431076274538,0.4411764705882353,0.11764705882352941,6.9,93.38,0
qtgHbIsuWbc,9,0.3771333333333333,0.4404,0.40522374683623863,0.5555555555555556,0.1111111111111111,7.5,234.02,1
qygBaiAigCE,1,-0.4939,-0.4939,,0.0,1.0,5.7,0.05,0
r9zRnRHzKPg,5,0.09158000000000002,0.1513,0.546878694958946,0.6,0.2,7.4,86.2,0
ri-YTV32vAY,20,0.253985,0.0,0.38321402055852755,0.45,0.05,6.3,0.04,0
sN_b66mbTFA,19,0.08086842105263158,0.0,0.30710357111536957,0.2631578947368421,0.15789473684210525,7.9,532.17,1
sgY7fyJ-nxk,22,0.02099090909090909,0.0,0.4296238342562468,0.36363636363636365,0.3181818181818182,6.3,12.63,0
tExoVJJt6nQ,100,0.232564,0.22615000000000002,0.3659277379455946,0.52,0.1,7.2,270.32,0
tQaG_95WQUg,79,0.23797974683544304,0.0,0.3889805655219567,0.45569620253164556,0.12658227848101267,6.4,55.47,0
tT6hjeRpJq8,28,-0.1748,0.0,0.43638411129713767,0.14285714285714285,0.42857142857142855,5.1,20.75,0
tc-TXxekXWo,15,0.09728,0.0,0.36641900917626297,0.26666666666666666,0.2,8.5,448.13,1
tcUv3sovabs,11,0.0568909090909091,0.0,0.4436051227263848,0.2727272727272727,0.2727272727272727,6.1,47.95,0
tdPeGnhP_Vg,100,0.26417999999999997,0.39859999999999995,0.46632676582548044,0.63,0.16,6.2,325.02,0
u3x7tgjnzuM,4,0.210375,0.07655,0.3267535296927436,0.5,0.0,5.7,2.2,0
uAzbBCxVFHc,4,0.157925,0.0,0.4056956443361616,0.25,0.25,6.0,46.01,0
uSAnvPeFL2E,1,0.0,0.0,,0.0,0.0,7.1,40.07,0
uWoqWMXJ7KE,8,0.222525,0.0,0.32574797773739134,0.375,0.0,7.3,57.64,0
uh8ARTXu4Bo,11,-0.05304545454545455,0.0,0.4905987043677069,0.36363636363636365,0.36363636363636365,5.9,62.4,0
um6UX2Tp1JQ,24,0.014212499999999996,0.0,0.41808685732959733,0.3333333333333333,0.2916666666666667,6.7,330.25,0
un23bvxb92Y,3,0.4367666666666667,0.4019,0.1610559012682657,1.0,0.0,6.8,13.96,0
w1bXfhL1XFY,10,0.029599999999999998,0.0,0.09360341874098403,0.1,0.0,7.1,15.43,0
w5skn-tZTTc,21,-0.007547619047619055,0.0,0.48877754307972004,0.3333333333333333,0.38095238095238093,7.2,61.28,0
wBgxByOk8Xc,100,0.151283,0.0,0.40886107147622514,0.44,0.19,5.9,54.65,0
wVAQKY-5ULk,15,0.20074,0.0,0.3652333320729953,0.4,0.13333333333333333,7.2,256.39,1
wd7dMFDgx4c,1,0.0,0.0,,0.0,0.0,6.2,3.59,0
xzQsTbBbKNA,2,0.50965,0.50965,0.611576655048245,1.0,0.0,6.7,3.71,0
yBspfCiptSQ,11,0.2920909090909091,0.3182,0.40498437366038076,0.6363636363636364,0.09090909090909091,6.7,7.22,0
yKkg8wj_jYo,4,0.40485000000000004,0.48030000000000006,0.2989699817707457,0.75,0.0,6.6,13.65,0
zVXtH6EwLT0,58,0.25718620689655175,0.3286,0.3641828784130572,0.5344827586206896,0.1206896551724138,7.6,232.6,1
zWPp7zGG-Bo,32,0.29746875,0.3397,0.503172716090352,0.5625,0.125,7.5,364.0,1
